"Path","Slice Name","Alias(s)","Label","Min","Max","Must Support?","Is Modifier?","Is Summary?","Type(s)","Short","Definition","Comments","Requirements","Default Value","Meaning When Missing","Fixed Value","Pattern","Example","Minimum Value","Maximum Value","Maximum Length","Binding Strength","Binding Description","Binding Value Set","Code","Slicing Discriminator","Slicing Description","Slicing Ordered","Slicing Rules","Base Path","Base Min","Base Max","Condition(s)","Constraint(s)","Mapping: IHE Data Element Exchange (DEX)","Mapping: HL7 v2 Mapping","Mapping: RIM Mapping","Mapping: ISO 11179","Mapping: W5 Mapping","Mapping: Object Implementation Information","Mapping: LOINC code for the element"
"DataElement","SDCDataElement","Master Observation
Data ElementCDE","",0,*,"","","","","Resource data element","Represents expectations for use of data elements by SDC conformant systems using data elements to support population of questionnaires.","Often called a clinical template.","","","","","","","","",,,,,"",,,,"DataElement",0,*,"","dom-2:If the resource is contained in another resource, it SHALL NOT contain nested Resources {contained.contained.empty()}
dom-1:If the resource is contained in another resource, it SHALL NOT contain any narrative {contained.text.empty()}dom-4:If a resource is contained in another resource, it SHALL NOT have a meta.versionId or a meta.lastUpdated {contained.meta.versionId.empty() and contained.meta.lastUpdated.empty()}dom-3:If the resource is contained in another resource, it SHALL be referred to from elsewhere in the resource {contained.where(('#'+id in %resource.descendants().reference).not()).empty()}","RetrieveMetadata response","OM1","Entity. Role, or Act","Observation[classCode=OBS, moodCode=DEFN]","Data_Element","conformance.content"
"DataElement.id","","","",0,1,"","","Y","id
","Logical id of this artifact","The logical id of the resource, as used in the URL for the resource. Once assigned, this value never changes.","The only time that a resource does not have an id is when it is being submitted to the server using a create operation.","","","","","","","","",,,,,"",,,,"Resource.id",0,1,"",""
"DataElement.meta","","","",0,1,"","","Y","Meta
","Metadata about the resource","The metadata about the resource. This is content that is maintained by the infrastructure. Changes to the content may not always be associated with version changes to the resource.","","","","","","","","","",,,,,"",,,,"Resource.meta",0,1,"",""
"DataElement.implicitRules","","","",0,1,"","Y","Y","uri
","A set of rules under which this content was created","A reference to a set of rules that were followed when the resource was constructed, and which must be understood when processing the content.","Asserting this rule set restricts the content to be only understood by a limited set of trading partners. This inherently limits the usefulness of the data in the long term. However, the existing health eco-system is highly fractured, and not yet ready to define, collect, and exchange data in a generally computable sense. Wherever possible, implementers and/or specification writers should avoid using this element. 

This element is labelled as a modifier because the implicit rules may provide additional knowledge about the resource that modifies it's meaning or interpretation.","","","","","","","","",,,,,"",,,,"Resource.implicitRules",0,1,"",""
"DataElement.language","","","",0,1,"","","","code
","Language of the resource content","The base language in which the resource is written.","Language is provided to support indexing and accessibility (typically, services such as text to speech use the language tag). The html language tag in the narrative applies  to the narrative. The language tag on the resource may be used to specify the language of other presentations generated from the data in the resource  Not all the content has to be in the base language. The Resource.language should not be assumed to apply to the narrative automatically. If a language is specified, it should it also be specified on the div element in the html (see rules in HTML5 for information about the relationship between xml:lang and the html lang attribute).","","","","","","","","",,"extensible","A human language.","http://hl7.org/fhir/ValueSet/languages","",,,,"Resource.language",0,1,"",""
"DataElement.text","","narrative
htmlxhtmldisplay","",0,1,"","","","Narrative
","Text summary of the resource, for human interpretation","A human-readable narrative that contains a summary of the resource, and may be used to represent the content of the resource to a human. The narrative need not encode all the structured data, but is required to contain sufficient detail to make it ""clinically safe"" for a human to just read the narrative. Resource definitions may define what content should be represented in the narrative to ensure clinical safety.","Contained resources do not have narrative. Resources that are not contained SHOULD have a narrative. In some cases, a resource may only have text with little or no additional discrete data (as long as all minOccurs=1 elements are satisfied).  This may be necessary for data from legacy systems where information is captured as a ""text blob"" or where text is additionally entered raw or narrated and encoded in formation is added later.","","","","","","","","",,,,,"",,,,"DomainResource.text",0,1,"dom-1
","","Act.text?"
"DataElement.contained","","inline resources
anonymous resourcescontained resources","",0,*,"","","","Resource
","Contained, inline Resources","These resources do not have an independent existence apart from the resource that contains them - they cannot be identified independently, and nor can they have their own independent transaction scope.","This should never be done when the content can be identified properly, as once identification is lost, it is extremely difficult (and context dependent) to restore it again.","","","","","","","","",,,,,"",,,,"DomainResource.contained",0,*,"","","N/A"
"DataElement.extension","","extensions
user content","",0,*,"","","","Extension
","Additional Content defined by implementations","May be used to represent additional information that is not part of the basic definition of the resource. In order to make the use of extensions safe and manageable, there is a strict set of governance  applied to the definition and use of extensions. Though any implementer is allowed to define an extension, there is a set of requirements that SHALL be met as part of the definition of the extension.","There can be no stigma associated with the use of extensions by any application, project, or standard - regardless of the institution or jurisdiction that uses or defines the extensions.  The use of extensions is what allows the FHIR specification to retain a core level of simplicity for everyone.","","","","","","","","",,,,,"",,,,"DomainResource.extension",0,*,"","","N/A"
"DataElement.modifierExtension","","extensions
user content","",0,*,"","Y","","Extension
","Extensions that cannot be ignored","May be used to represent additional information that is not part of the basic definition of the resource, and that modifies the understanding of the element that contains it. Usually modifier elements provide negation or qualification. In order to make the use of extensions safe and manageable, there is a strict set of governance applied to the definition and use of extensions. Though any implementer is allowed to define an extension, there is a set of requirements that SHALL be met as part of the definition of the extension. Applications processing a resource are required to check for modifier extensions.","There can be no stigma associated with the use of extensions by any application, project, or standard - regardless of the institution or jurisdiction that uses or defines the extensions.  The use of extensions is what allows the FHIR specification to retain a core level of simplicity for everyone.","","","","","","","","",,,,,"",,,,"DomainResource.modifierExtension",0,*,"","","N/A"
"DataElement.url","","","",1,1,"Y","","Y","uri
","Logical URI to reference this data element (globally unique)","An absolute URI that is used to identify this data element when it is referenced in a specification, model, design or an instance. This SHALL be a URL, SHOULD be globally unique, and SHOULD be an address at which this data element is (or will be) published. The URL SHOULD include the major version of the data element. For more information see [Technical and Business Versions](resource.html#versions).","Can be a urn:uuid: or a urn:oid:, but real http: addresses are preferred.  Multiple instances may share the same url if they have a distinct version.","Allows the data element to be referenced by a single globally unique identifier.","","","","","","","",,,,,"",,,,"DataElement.url",0,1,"","","./id[use=INSTANCE]","(Identified_Item).identifier  As assigned by registering authority","id"
"DataElement.identifier","","","",1,*,"Y","","Y","Identifier
","Additional identifier for the data element","A formal identifier that is used to identify this data element when it is represented in other formats, or referenced in a specification, model, design or an instance.","Typically, this is used for identifiers that can go in an HL7 V3 II (instance identifier) data type, e.g., to identify this data element outside of FHIR, where it is not possible to use the logical URI.","Allows externally provided and/or usable business identifiers to be easily associated with the module.","","","","","","","",,,,,"",,,,"DataElement.identifier",0,*,"","","id","OM1.2","./id[use=BUS]","(Identified_Item).identifier","id","no-gen-base","LOINC_NUM (the code is the identifier)"
"DataElement.version","","","",0,1,"Y","","Y","string
","Business version of the data element","The identifier that is used to identify this version of the data element when it is referenced in a specification, model, design or instance. This is an arbitrary value managed by the data element author and is not expected to be globally unique. For example, it might be a timestamp (e.g. yyyymmdd) if a managed version is not available. There is also no expectation that versions can be placed in a lexicographical sequence.","There may be different data element instances that have the same identifier but different versions.  The version can be appended to the url in a reference to allow a refrence to a particular business version of the data element with the format [url]|[version].","","","","","","","","",,,,,"",,,,"DataElement.version",0,1,"","","version","N/A","./id[use=VER]","(Identified_Item).identifier.version","id.version","N/A"
"DataElement.status","","","",1,1,"Y","Y","Y","code
","draft | active | retired | unknown","The status of this data element. Enables tracking the life-cycle of the content.","Allows filtering of data elements that are appropriate for use vs. not.  
This is labeled as ""Is Modifier"" because applications should not use a retired data element without due consideration.","","","","","","","","",,"required","The lifecycle status of a Value Set or Concept Map.","http://hl7.org/fhir/ValueSet/publication-status","",,,,"DataElement.status",1,1,"","","MFE.1","./status (draft = new  active = active  retired = aborted)","(Administered_item).registration.state  new = Incomplete, Candidate, Recorded, Qualified  active = Standard, Preferred Standard, Application  retired = Retired, Superseded, Historical","status","STATUS"
"DataElement.experimental","","","",0,1,"Y","Y","Y","boolean
","For testing purposes, not real usage","A boolean value to indicate that this data element is authored for testing purposes (or education/evaluation/marketing), and is not intended to be used for genuine usage.","Allows filtering of data element that are appropriate for use vs. not. This is labeled as ""Is Modifier"" because applications should not use an experimental data element in production.","Enables experimental content to be developed following the same lifecycle that would be used for a production-level data element.","","","","","","","",,,,,"",,,,"DataElement.experimental",0,1,"","","./inboundRelationship[typeCode=SUBJ]/source[classCode=OBS,moodCode=EVN,code=""experimental""].value[type=BL]","class"
"DataElement.date","","Revision Date
","",0,1,"Y","","Y","dateTime
","Date this was last changed","The date  (and optionally time) when the data element was published. The date must change if and when the business version changes and it must change if the status code changes. In addition, it should change when the substantive content of the data element changes.","Note that this is not the same as the resource last-modified-date, since the resource may be a secondary representation of the data element. Additional specific dates may be added as extensions or be found by consulting Provenances associated with past versions of the resource.","","","","","","","","",,,,,"",,,,"DataElement.date",0,1,"","","revisionDate","OM1.21","./participation[typeCode=AUT]/time","(Administered_item).last_change_date","when.recorded","DATE_LAST_CHANGED"
"DataElement.publisher","","","",0,1,"Y","","Y","string
","Name of the publisher (organization or individual)","The name of the individual or organization that published the data element.","Usually an organization, but may be an individual. The publisher (or steward) of the data element is the organization or individual primarily responsible for the maintenance and upkeep of the data element. This is not necessarily the same individual or organization that developed and initially authored the content. The publisher is the primary point of contact for questions or issues with the data element. This item SHOULD be populated unless the information is available from context.","Helps establish the ""authority/credibility"" of the data element.  May also allow for contact.","","","","","","","",,,,,"",,,,"DataElement.publisher",0,1,"","","registrationAuthority","OM1.16","./participation[typeCode=AUT]/role[classCode=ASSIGN]/scoper[classCode=ORG,determinerCode=INSTANCE]/name","(Administered_Item).stewardship_record.organization.name","who.witness","Fixed to Regenstrief or SOURCE"
"DataElement.name","","","",1,1,"Y","","Y","string
","Name for this data element (computer friendly)","A natural language name identifying the data element. This name should be usable as an identifier for the module by machine processing applications such as code generation.","The name is not expected to be globally unique. The name should be a simple alpha-numeric type name to ensure that it is computable friendly.","Support human navigation and code generation.","","","","","","","",,,,,"",,,,"DataElement.name",0,1,"",""
"DataElement.title","","","",0,1,"","","Y","string
","Name for this data element (human friendly)","A short, descriptive, user-friendly title for the data element.","This name does not need to be machine-processing friendly and may contain punctuation, white-space, etc. This may be similar to the question used to prompt someone for a data element value, but the purpose is communicating about the data element, not asking the question.  (Refer to the 'question' element for the latter.).","","","","","","","","",,,,,"",,,,"DataElement.title",0,1,"","","displayName","OM1.11","./title","(Designatable_Item).designation.sign  acceptability=preferred in default context","LONG_COMMON_NAME"
"DataElement.contact","","","",0,*,"Y","","Y","ContactDetail
","Contact details for the publisher","Contact details to assist a user in finding and communicating with the publisher.","May be a web site, an email address, a telephone number, etc.","","","","","","","","",,,,,"",,,,"DataElement.contact",0,*,"","","OM1.17","./participation[typeCode=AUT]/role[classCode=ASSIGN]/scoper[classCode=ORG,determinerCode=INSTANCE]","(Administered_Item).stewardship_record.organization.[email_address, phone_number, uri]","N/A"
"DataElement.contact.id","","","",0,1,"","","","string
","xml:id (or equivalent in JSON)","unique id for the element within a resource (for internal references). This may be any string value that does not contain spaces.","","","","","","","","","",,,,,"",,,,"Element.id",0,1,"","","n/a"
"DataElement.contact.extension","","extensions
user content","",0,*,"","","","Extension
","Additional Content defined by implementations","May be used to represent additional information that is not part of the basic definition of the element. In order to make the use of extensions safe and manageable, there is a strict set of governance  applied to the definition and use of extensions. Though any implementer is allowed to define an extension, there is a set of requirements that SHALL be met as part of the definition of the extension.","There can be no stigma associated with the use of extensions by any application, project, or standard - regardless of the institution or jurisdiction that uses or defines the extensions.  The use of extensions is what allows the FHIR specification to retain a core level of simplicity for everyone.","","","","","","","","",,,,,"","value:url}
","Extensions are always sliced by (at least) url",,"open","Element.extension",0,*,"","","n/a"
"DataElement.contact.name","","","",0,1,"","","Y","string
","Name of an individual to contact","The name of an individual to contact.","If there is no named individual, the telecom information is for the organization as a whole.","","","","","","","","",,,,,"",,,,"ContactDetail.name",0,1,"",""
"DataElement.contact.telecom","","","",0,*,"Y","","Y","ContactPoint
","Contact details for individual or organization","The contact details for the individual (if a name was provided) or the organization.","","","","","","","","","",,,,,"",,,,"ContactDetail.telecom",0,*,"",""
"DataElement.useContext","","","",0,*,"Y","","Y","UsageContext
","Context the content is intended to support","The content was developed with a focus and intent of supporting the contexts that are listed. These terms may be used to assist with indexing and searching for appropriate data element instances.","When multiple useContexts are specified, there is no expectation whether all or any of the contexts apply.","Assist in searching for appropriate content.","","","","","","","",,,,,"",,,,"DataElement.useContext",0,*,"","","OM1.18, OM1.42, OM1.46, OM7.3","./inboundRelationship[typeCode=SUBJ]/source[classCode=LIST, moodCode=EVN]/code","(Classifiable_Item).classifier"
"DataElement.jurisdiction","","","",0,*,"","","Y","CodeableConcept
","Intended jurisdiction for data element (if applicable)","A legal or geographic region in which the data element is intended to be used.","It may be possible for the data element to be used in jurisdictions other than those for which it was originally designed or intended.","","","","","","","","",,"extensible","Countries and regions within which this artifact is targeted for use","http://hl7.org/fhir/ValueSet/jurisdiction","",,,,"DataElement.jurisdiction",0,*,"",""
"DataElement.copyright","","License
Restrictions","",0,1,"Y","","","markdown
","Use and/or publishing restrictions","A copyright statement relating to the data element and/or its contents. Copyright statements are generally legal restrictions on the use and publishing of the data element.","null The copyright statement does not apply to values for the data element, only to its definition.","Consumers must be able to determine any legal restrictions on the use of the data element and/or its content.","","","","","","","",,,,,"",,,,"DataElement.copyright",0,1,"","","./inboundRelationship[typeCode=SUBJ]/source[classCode=CONTRACT,moodCode=EVN].text","no-gen-base"
"DataElement.stringency","","","",1,1,"Y","","Y","code
","comparable | fully-specified | equivalent | convertable | scaleable | flexible","Identifies how precise the data element is in its definition.","","Allows determining the degree of comparability of data element instances. Less granular data elements result in data that is less comparable (or at least requires more work to compare).","","","","","","","",,"required","Indicates the degree of precision of the data element definition.","http://hl7.org/fhir/ValueSet/dataelement-stringency","",,,,"DataElement.stringency",0,1,"","","N/A","./target[typeCode=SUBJ]/source[classCode=OBS, moodCode=EVN, code=""granularity""]/value"
"DataElement.mapping","","","",0,*,"Y","","","BackboneElement
","External specification mapped to","Identifies a specification (other than a terminology) that the elements which make up the DataElement have some correspondence with.","","","","","","","","","",,,,,"",,,,"DataElement.mapping",0,*,"dae-3
","ele-1:All FHIR elements must have a @value or children {children().count() > id.count()}
dae-3:At least one of  name or uri SHALL be present {uri.exists() or name.exists()}","100;0","N/A (MIF)"
"DataElement.mapping.id","","","",0,1,"","","","string
","xml:id (or equivalent in JSON)","unique id for the element within a resource (for internal references). This may be any string value that does not contain spaces.","","","","","","","","","",,,,,"",,,,"Element.id",0,1,"","","n/a"
"DataElement.mapping.extension","","extensions
user content","",0,*,"","","","Extension
","Additional Content defined by implementations","May be used to represent additional information that is not part of the basic definition of the element. In order to make the use of extensions safe and manageable, there is a strict set of governance  applied to the definition and use of extensions. Though any implementer is allowed to define an extension, there is a set of requirements that SHALL be met as part of the definition of the extension.","There can be no stigma associated with the use of extensions by any application, project, or standard - regardless of the institution or jurisdiction that uses or defines the extensions.  The use of extensions is what allows the FHIR specification to retain a core level of simplicity for everyone.","","","","","","","","",,,,,"",,,,"Element.extension",0,*,"","","n/a"
"DataElement.mapping.modifierExtension","","extensions
user contentmodifiers","",0,*,"","Y","Y","Extension
","Extensions that cannot be ignored","May be used to represent additional information that is not part of the basic definition of the element, and that modifies the understanding of the element that contains it. Usually modifier elements provide negation or qualification. In order to make the use of extensions safe and manageable, there is a strict set of governance applied to the definition and use of extensions. Though any implementer is allowed to define an extension, there is a set of requirements that SHALL be met as part of the definition of the extension. Applications processing a resource are required to check for modifier extensions.","There can be no stigma associated with the use of extensions by any application, project, or standard - regardless of the institution or jurisdiction that uses or defines the extensions.  The use of extensions is what allows the FHIR specification to retain a core level of simplicity for everyone.","","","","","","","","",,,,,"",,,,"BackboneElement.modifierExtension",0,*,"","","N/A"
"DataElement.mapping.identity","","","",1,1,"Y","","","id
","Internal id when this mapping is used","An internal id that is used to identify this mapping set when specific mappings are made on a per-element basis.","The specification is described once, with general comments, and then specific mappings are made that reference this declaration.","","","","","","","","",,,,,"",,,,"DataElement.mapping.identity",1,1,"","","N/A (MIF)"
"DataElement.mapping.uri","","","",0,1,"Y","","","uri
","Identifies what this mapping refers to","An absolute URI that identifies the specification that this mapping is expressed to.","A formal identity for the specification being mapped to helps with identifying maps consistently.","","","","","","","","",,,,,"",,,,"DataElement.mapping.uri",0,1,"","","N/A (MIF)"
"DataElement.mapping.name","","","",0,1,"Y","","","string
","Names what this mapping refers to","A name for the specification that is being mapped to.","","","","","","","","","",,,,,"",,,,"DataElement.mapping.name",0,1,"","","N/A (MIF)"
"DataElement.mapping.comment","","","",0,1,"Y","","","string
","Versions, issues, scope limitations, etc.","Comments about this mapping, including version notes, issues, scope limitations, and other important notes for usage.","","","","","","","","","",,,,,"",,,,"DataElement.mapping.comment",0,1,"","","N/A (MIF)"
"DataElement.element","","","",1,*,"Y","","Y","ElementDefinition
","Definition of element","Defines the structure, type, allowed values and other constraining characteristics of the data element.","For simple data types there will only be one repetition.  For complex data types, multiple repetitions will be present defining a nested structure using the ""path"" element.","","","","","","","","",,,,,"",,,,"DataElement.element",1,*,"","dae-1:No base allowed {base.empty()}
dae-2:No slicing allowed {slicing.empty()}","N/A (MIF)"
"DataElement.element.id","","","",0,1,"","","","string
","xml:id (or equivalent in JSON)","unique id for the element within a resource (for internal references). This may be any string value that does not contain spaces.","","","","","","","","","",,,,,"",,,,"Element.id",0,1,"","","n/a"
"DataElement.element.extension","","extensions
user content","",0,*,"","","","Extension
","Additional Content defined by implementations","May be used to represent additional information that is not part of the basic definition of the element. In order to make the use of extensions safe and manageable, there is a strict set of governance  applied to the definition and use of extensions. Though any implementer is allowed to define an extension, there is a set of requirements that SHALL be met as part of the definition of the extension.","There can be no stigma associated with the use of extensions by any application, project, or standard - regardless of the institution or jurisdiction that uses or defines the extensions.  The use of extensions is what allows the FHIR specification to retain a core level of simplicity for everyone.","","","","","","","","",,,,,"","value:url}
","Extensions are always sliced by (at least) url",,"open","Element.extension",0,*,"","","n/a"
"DataElement.element.extension","question","","",0,*,"Y","","","Extension {http://hl7.org/fhir/StructureDefinition/elementdefinition-question}
","Extension","An Extension","","","","","","","","","",,,,,"",,,,"Element.extension",0,*,"",""
"DataElement.element.extension.id","","","",0,1,"","","","string
","xml:id (or equivalent in JSON)","unique id for the element within a resource (for internal references). This may be any string value that does not contain spaces.","","","","","","","","","",,,,,"",,,,"Element.id",0,1,"","","n/a"
"DataElement.element.extension.extension","","extensions
user content","",0,*,"","","","Extension
","Additional Content defined by implementations","May be used to represent additional information that is not part of the basic definition of the element. In order to make the use of extensions safe and manageable, there is a strict set of governance  applied to the definition and use of extensions. Though any implementer is allowed to define an extension, there is a set of requirements that SHALL be met as part of the definition of the extension.","There can be no stigma associated with the use of extensions by any application, project, or standard - regardless of the institution or jurisdiction that uses or defines the extensions.  The use of extensions is what allows the FHIR specification to retain a core level of simplicity for everyone.","","","","","","","","",,,,,"","value:url}
","Extensions are always sliced by (at least) url",,"open","Element.extension",0,*,"","","n/a"
"DataElement.element.extension.url","","","",1,1,"","","","uri
","identifies the meaning of the extension","Source of the definition for the extension code - a logical name or a URL.","The definition may point directly to a computable or human-readable definition of the extensibility codes, or it may be a logical URI as declared in some other specification. The definition SHALL be a URI for the Structure Definition defining the extension.","","","","<valueUri xmlns=""http://hl7.org/fhir"" value=""http://hl7.org/fhir/StructureDefinition/elementdefinition-question""/>","","","","",,,,,"",,,,"Extension.url",1,1,"","","N/A"
"DataElement.element.extension.valueString","","","",0,1,"","","","string
","Value of extension","Value of extension - may be a resource or one of a constrained set of the data types (see Extensibility in the spec for list).","","","","","","","","","",,,,,"",,,,"Extension.value[x]",0,1,"","","N/A"
"DataElement.element.extension","allowedUnits","","",0,1,"Y","","","Extension {http://hl7.org/fhir/StructureDefinition/elementdefinition-allowedUnits}
","Extension","An Extension","","","","","","","","","",,,,,"",,,,"Element.extension",0,*,"",""
"DataElement.element.extension.id","","","",0,1,"","","","string
","xml:id (or equivalent in JSON)","unique id for the element within a resource (for internal references). This may be any string value that does not contain spaces.","","","","","","","","","",,,,,"",,,,"Element.id",0,1,"","","n/a"
"DataElement.element.extension.extension","","extensions
user content","",0,*,"","","","Extension
","Additional Content defined by implementations","May be used to represent additional information that is not part of the basic definition of the element. In order to make the use of extensions safe and manageable, there is a strict set of governance  applied to the definition and use of extensions. Though any implementer is allowed to define an extension, there is a set of requirements that SHALL be met as part of the definition of the extension.","There can be no stigma associated with the use of extensions by any application, project, or standard - regardless of the institution or jurisdiction that uses or defines the extensions.  The use of extensions is what allows the FHIR specification to retain a core level of simplicity for everyone.","","","","","","","","",,,,,"","value:url}
","Extensions are always sliced by (at least) url",,"open","Element.extension",0,*,"","","n/a"
"DataElement.element.extension.url","","","",1,1,"","","","uri
","identifies the meaning of the extension","Source of the definition for the extension code - a logical name or a URL.","The definition may point directly to a computable or human-readable definition of the extensibility codes, or it may be a logical URI as declared in some other specification. The definition SHALL be a URI for the Structure Definition defining the extension.","","","","<valueUri xmlns=""http://hl7.org/fhir"" value=""http://hl7.org/fhir/StructureDefinition/elementdefinition-allowedUnits""/>","","","","",,,,,"",,,,"Extension.url",1,1,"","","N/A"
"DataElement.element.extension.value[x]","","","",1,1,"","","","CodeableConcept
Reference {http://hl7.org/fhir/StructureDefinition/ValueSet}","Value of extension","Value of extension - may be a resource or one of a constrained set of the data types (see Extensibility in the spec for list).","","","","","","","","","",,"required","Units of measure allowed for an element","http://hl7.org/fhir/ValueSet/ucum-units","",,,,"Extension.value[x]",0,1,"","","N/A"
"DataElement.element.extension","minLength","","",0,1,"Y","","","Extension {http://hl7.org/fhir/StructureDefinition/minLength}
","Extension","An Extension","","","","","","","","","",,,,,"",,,,"Element.extension",0,*,"",""
"DataElement.element.extension.id","","","",0,1,"","","","string
","xml:id (or equivalent in JSON)","unique id for the element within a resource (for internal references). This may be any string value that does not contain spaces.","","","","","","","","","",,,,,"",,,,"Element.id",0,1,"","","n/a"
"DataElement.element.extension.extension","","extensions
user content","",0,*,"","","","Extension
","Additional Content defined by implementations","May be used to represent additional information that is not part of the basic definition of the element. In order to make the use of extensions safe and manageable, there is a strict set of governance  applied to the definition and use of extensions. Though any implementer is allowed to define an extension, there is a set of requirements that SHALL be met as part of the definition of the extension.","There can be no stigma associated with the use of extensions by any application, project, or standard - regardless of the institution or jurisdiction that uses or defines the extensions.  The use of extensions is what allows the FHIR specification to retain a core level of simplicity for everyone.","","","","","","","","",,,,,"","value:url}
","Extensions are always sliced by (at least) url",,"open","Element.extension",0,*,"","","n/a"
"DataElement.element.extension.url","","","",1,1,"","","","uri
","identifies the meaning of the extension","Source of the definition for the extension code - a logical name or a URL.","The definition may point directly to a computable or human-readable definition of the extensibility codes, or it may be a logical URI as declared in some other specification. The definition SHALL be a URI for the Structure Definition defining the extension.","","","","<valueUri xmlns=""http://hl7.org/fhir"" value=""http://hl7.org/fhir/StructureDefinition/minLength""/>","","","","",,,,,"",,,,"Extension.url",1,1,"","","N/A"
"DataElement.element.extension.valueInteger","","","",0,1,"","","","integer
","Value of extension","Value of extension - may be a resource or one of a constrained set of the data types (see Extensibility in the spec for list).","","","","","","","","","",,,,,"",,,,"Extension.value[x]",0,1,"","","N/A"
"DataElement.element.extension","regex","","",0,1,"Y","","","Extension {http://hl7.org/fhir/StructureDefinition/regex}
","Extension","An Extension","","","","","","","","","",,,,,"",,,,"Element.extension",0,*,"",""
"DataElement.element.extension.id","","","",0,1,"","","","string
","xml:id (or equivalent in JSON)","unique id for the element within a resource (for internal references). This may be any string value that does not contain spaces.","","","","","","","","","",,,,,"",,,,"Element.id",0,1,"","","n/a"
"DataElement.element.extension.extension","","extensions
user content","",0,*,"","","","Extension
","Additional Content defined by implementations","May be used to represent additional information that is not part of the basic definition of the element. In order to make the use of extensions safe and manageable, there is a strict set of governance  applied to the definition and use of extensions. Though any implementer is allowed to define an extension, there is a set of requirements that SHALL be met as part of the definition of the extension.","There can be no stigma associated with the use of extensions by any application, project, or standard - regardless of the institution or jurisdiction that uses or defines the extensions.  The use of extensions is what allows the FHIR specification to retain a core level of simplicity for everyone.","","","","","","","","",,,,,"","value:url}
","Extensions are always sliced by (at least) url",,"open","Element.extension",0,*,"","","n/a"
"DataElement.element.extension.url","","","",1,1,"","","","uri
","identifies the meaning of the extension","Source of the definition for the extension code - a logical name or a URL.","The definition may point directly to a computable or human-readable definition of the extensibility codes, or it may be a logical URI as declared in some other specification. The definition SHALL be a URI for the Structure Definition defining the extension.","","","","<valueUri xmlns=""http://hl7.org/fhir"" value=""http://hl7.org/fhir/StructureDefinition/regex""/>","","","","",,,,,"",,,,"Extension.url",1,1,"","","N/A"
"DataElement.element.extension.valueString","","","",0,1,"","","","string
","Value of extension","Value of extension - may be a resource or one of a constrained set of the data types (see Extensibility in the spec for list).","","","","","","","","","",,,,,"",,,,"Extension.value[x]",0,1,"","","N/A"
"DataElement.element.extension","entryFormat","","",0,1,"Y","","","Extension {http://hl7.org/fhir/StructureDefinition/entryFormat}
","Extension","An Extension","","","","","","","","","",,,,,"",,,,"Element.extension",0,*,"",""
"DataElement.element.extension.id","","","",0,1,"","","","string
","xml:id (or equivalent in JSON)","unique id for the element within a resource (for internal references). This may be any string value that does not contain spaces.","","","","","","","","","",,,,,"",,,,"Element.id",0,1,"","","n/a"
"DataElement.element.extension.extension","","extensions
user content","",0,*,"","","","Extension
","Additional Content defined by implementations","May be used to represent additional information that is not part of the basic definition of the element. In order to make the use of extensions safe and manageable, there is a strict set of governance  applied to the definition and use of extensions. Though any implementer is allowed to define an extension, there is a set of requirements that SHALL be met as part of the definition of the extension.","There can be no stigma associated with the use of extensions by any application, project, or standard - regardless of the institution or jurisdiction that uses or defines the extensions.  The use of extensions is what allows the FHIR specification to retain a core level of simplicity for everyone.","","","","","","","","",,,,,"","value:url}
","Extensions are always sliced by (at least) url",,"open","Element.extension",0,*,"","","n/a"
"DataElement.element.extension.url","","","",1,1,"","","","uri
","identifies the meaning of the extension","Source of the definition for the extension code - a logical name or a URL.","The definition may point directly to a computable or human-readable definition of the extensibility codes, or it may be a logical URI as declared in some other specification. The definition SHALL be a URI for the Structure Definition defining the extension.","","","","<valueUri xmlns=""http://hl7.org/fhir"" value=""http://hl7.org/fhir/StructureDefinition/entryFormat""/>","","","","",,,,,"",,,,"Extension.url",1,1,"","","N/A"
"DataElement.element.extension.valueString","","","",0,1,"","","","string
","Value of extension","Value of extension - may be a resource or one of a constrained set of the data types (see Extensibility in the spec for list).","","","","","","","","","",,,,,"",,,,"Extension.value[x]",0,1,"","","N/A"
"DataElement.element.extension","maxDecimalPlaces","","",0,1,"Y","","","Extension {http://hl7.org/fhir/StructureDefinition/maxDecimalPlaces}
","Extension","An Extension","","","","","","","","","",,,,,"",,,,"Element.extension",0,*,"",""
"DataElement.element.extension.id","","","",0,1,"","","","string
","xml:id (or equivalent in JSON)","unique id for the element within a resource (for internal references). This may be any string value that does not contain spaces.","","","","","","","","","",,,,,"",,,,"Element.id",0,1,"","","n/a"
"DataElement.element.extension.extension","","extensions
user content","",0,*,"","","","Extension
","Additional Content defined by implementations","May be used to represent additional information that is not part of the basic definition of the element. In order to make the use of extensions safe and manageable, there is a strict set of governance  applied to the definition and use of extensions. Though any implementer is allowed to define an extension, there is a set of requirements that SHALL be met as part of the definition of the extension.","There can be no stigma associated with the use of extensions by any application, project, or standard - regardless of the institution or jurisdiction that uses or defines the extensions.  The use of extensions is what allows the FHIR specification to retain a core level of simplicity for everyone.","","","","","","","","",,,,,"","value:url}
","Extensions are always sliced by (at least) url",,"open","Element.extension",0,*,"","","n/a"
"DataElement.element.extension.url","","","",1,1,"","","","uri
","identifies the meaning of the extension","Source of the definition for the extension code - a logical name or a URL.","The definition may point directly to a computable or human-readable definition of the extensibility codes, or it may be a logical URI as declared in some other specification. The definition SHALL be a URI for the Structure Definition defining the extension.","","","","<valueUri xmlns=""http://hl7.org/fhir"" value=""http://hl7.org/fhir/StructureDefinition/maxDecimalPlaces""/>","","","","",,,,,"",,,,"Extension.url",1,1,"","","N/A"
"DataElement.element.extension.valueInteger","","","",0,1,"","","","integer
","Value of extension","Value of extension - may be a resource or one of a constrained set of the data types (see Extensibility in the spec for list).","","","","","","","","","",,,,,"",,,,"Extension.value[x]",0,1,"","","N/A"
"DataElement.element.path","","","",1,1,"Y","","Y","string
","Path of the element in the hierarchy of elements","The path identifies the element and is expressed as a "".""-separated list of ancestor elements, beginning with the name of the resource or extension.","","","","","","","","","",,,,,"",,,,"ElementDefinition.path",1,1,"","","N/A","N/A","Name, Identifier & Context"
"DataElement.element.representation","","","",0,*,"","","Y","code
","xmlAttr | xmlText | typeAttr | cdaText | xhtml","Codes that define how this element is represented in instances, when the deviation varies from the normal case.","In resources, this is rarely used except for special cases where the representation deviates from the normal, and can only be done in the base standard (and profiles must reproduce what the base standard does). This element is used quite commonly in Logical models when the logical models represent a specific serialization format (e.g. CDA, v2 etc).","","","","","","","","",,"required","How a property is represented when serialized.","http://hl7.org/fhir/ValueSet/property-representation","",,,,"ElementDefinition.representation",0,*,"","","N/A","N/A","n/a"
"DataElement.element.sliceName","","","",0,0,"","","Y","string
","Name for this particular element (in a set of slices)","The name of this element definition slice, when slicing is working. The name must be a token with no dots or spaces. This is a unique name referring to a specific set of constraints applied to this element, used to provide a name to different slices of the same element.","The name SHALL be unique within the structure within the context of the constrained resource element.  (Though to avoid confusion, uniqueness across all elements is recommended.).","May also be used for code generation purposes.","","","","","","","",,,,,"",,,,"ElementDefinition.sliceName",0,1,"","","N/A","N/A","n/a"
"DataElement.element.label","","","",0,1,"Y","","Y","string
","Name for element to display with or prompt for element","A single preferred label which is the text to display beside the element indicating its meaning or to use to prompt for the element in a user display or form.","See also the extension (http://hl7.org/fhir/StructureDefinition/elementdefinition-question)[extension-elementdefinition-question.html].","","","","","","","","",,,,,"",,,,"ElementDefinition.label",0,1,"","","./code/display","n/a"
"DataElement.element.code","","","",0,*,"Y","","Y","Coding
","Corresponding codes in terminologies","A code that has the same meaning as the element in a particular terminology.","The concept SHALL be properly aligned with the data element definition and other constraints, as defined in the code system, including relationships, of any code listed here.  Where multiple codes exist in a terminology that could correspond to the data element, the most granular code(s) should be selected, so long as they are not more restrictive than the data element itself. The mappings may be used to provide more or less granular or structured equivalences in the code system.","Links the meaning of an element to an external terminology, and is very useful for searching and indexing.","","","","","","","",,"example","Codes that indicate the meaning of a data element.","http://hl7.org/fhir/ValueSet/observation-codes","",,,,"ElementDefinition.code",0,*,"","","OM1.7","./code (root or translation)","(Data_Element).data_element_concept.identifier","LOINC_NUM"
"DataElement.element.slicing","","","",0,1,"","","Y","Element
","This element is sliced - slices follow","Indicates that the element is sliced into a set of alternative definitions (i.e. in a structure definition, there are multiple different constraints on a single element in the base resource). Slicing can be used in any resource that has cardinality ..* on the base resource, or any resource with a choice of types. The set of slices is any elements that come after this in the element sequence that have the same path, until a shorter path occurs (the shorter path terminates the set).","The first element in the sequence, the one that carries the slicing, is the definition that applies to all the slices. This is based on the unconstrained element, but can apply any constraints as appropriate. This may include the common constraints on the children of the element.","","","","","","","","",,,,,"",,,,"ElementDefinition.slicing",0,1,"","ele-1:All FHIR elements must have a @value or children {children().count() > id.count()}
eld-1:If there are no discriminators, there must be a definition {discriminator.exists() or description.exists()}","N/A","n/a"
"DataElement.element.slicing.id","","","",0,1,"","","","string
","xml:id (or equivalent in JSON)","unique id for the element within a resource (for internal references). This may be any string value that does not contain spaces.","","","","","","","","","",,,,,"",,,,"Element.id",0,1,"","","n/a"
"DataElement.element.slicing.extension","","extensions
user content","",0,*,"","","","Extension
","Additional Content defined by implementations","May be used to represent additional information that is not part of the basic definition of the element. In order to make the use of extensions safe and manageable, there is a strict set of governance  applied to the definition and use of extensions. Though any implementer is allowed to define an extension, there is a set of requirements that SHALL be met as part of the definition of the extension.","There can be no stigma associated with the use of extensions by any application, project, or standard - regardless of the institution or jurisdiction that uses or defines the extensions.  The use of extensions is what allows the FHIR specification to retain a core level of simplicity for everyone.","","","","","","","","",,,,,"","value:url}
","Extensions are always sliced by (at least) url",,"open","Element.extension",0,*,"","","n/a"
"DataElement.element.slicing.discriminator","","","",0,*,"","","Y","Element
","Element values that are used to distinguish the slices","Designates which child elements are used to discriminate between the slices when processing an instance. If one or more discriminators are provided, the value of the child elements in the instance data SHALL completely distinguish which slice the element in the resource matches based on the allowed values for those elements in each of the slices.","If there is no discriminator, the content is hard to process, so this should be avoided. If the base element has a cardinality of ..1, and there is a choice of types, the discriminator must be ""@type"".","","","","","","","","",,,,,"",,,,"ElementDefinition.slicing.discriminator",0,*,"","ele-1:All FHIR elements must have a @value or children {children().count() > id.count()}
","N/A","n/a"
"DataElement.element.slicing.discriminator.id","","","",0,1,"","","","string
","xml:id (or equivalent in JSON)","unique id for the element within a resource (for internal references). This may be any string value that does not contain spaces.","","","","","","","","","",,,,,"",,,,"Element.id",0,1,"","","n/a"
"DataElement.element.slicing.discriminator.extension","","extensions
user content","",0,*,"","","","Extension
","Additional Content defined by implementations","May be used to represent additional information that is not part of the basic definition of the element. In order to make the use of extensions safe and manageable, there is a strict set of governance  applied to the definition and use of extensions. Though any implementer is allowed to define an extension, there is a set of requirements that SHALL be met as part of the definition of the extension.","There can be no stigma associated with the use of extensions by any application, project, or standard - regardless of the institution or jurisdiction that uses or defines the extensions.  The use of extensions is what allows the FHIR specification to retain a core level of simplicity for everyone.","","","","","","","","",,,,,"","value:url}
","Extensions are always sliced by (at least) url",,"open","Element.extension",0,*,"","","n/a"
"DataElement.element.slicing.discriminator.type","","","",1,1,"","","Y","code
","value | exists | pattern | type | profile","How the element value is interpreted when discrimination is evaluated.","","","","","","","","","",,"required","How an element value is interpreted when discrimination is evaluated","http://hl7.org/fhir/ValueSet/discriminator-type","",,,,"ElementDefinition.slicing.discriminator.type",1,1,"","","N/A"
"DataElement.element.slicing.discriminator.path","","","",1,1,"","","Y","string
","Path to element value","A FHIRPath expression, using a restricted subset of FHIRPath, that is used to identify the element on which discrimination is based.","The only FHIRPath functions that are allowed are resolve(), and extension(url).","","","","","","","","",,,,,"",,,,"ElementDefinition.slicing.discriminator.path",1,1,"","","N/A","n/a"
"DataElement.element.slicing.description","","","",0,1,"","","Y","string
","Text description of how slicing works (or not)","A human-readable text description of how the slicing works. If there is no discriminator, this is required to be present to provide whatever information is possible about how the slices can be differentiated.","If it's really not possible to differentiate them, the design should be re-evaluated to make the content usable.","","","","","","","","",,,,,"",,,,"ElementDefinition.slicing.description",0,1,"eld-1
","","N/A"
"DataElement.element.slicing.ordered","","","",0,1,"","","Y","boolean
","If elements must be in same order as slices","If the matching elements have to occur in the same order as defined in the profile.","Order should only be required when it is a pressing concern for presentation. Profile authors should consider making the order a feature of the rules about the narrative, not the rules about the data - requiring ordered data makes the profile much less re-usable.","","<valueBoolean xmlns=""http://hl7.org/fhir"" value=""false""/>","","","","","","",,,,,"",,,,"ElementDefinition.slicing.ordered",0,1,"","","N/A","n/a"
"DataElement.element.slicing.rules","","","",1,1,"","","Y","code
","closed | open | openAtEnd","Whether additional slices are allowed or not. When the slices are ordered, profile authors can also say that additional slices are only allowed at the end.","Allowing additional elements makes for a much for flexible template - it's open for use in wider contexts, but also means that the content of the resource is not closed, and applications have to decide how to handle content not described by the profile.","","","","","","","","",,"required","How slices are interpreted when evaluating an instance.","http://hl7.org/fhir/ValueSet/resource-slicing-rules","",,,,"ElementDefinition.slicing.rules",1,1,"","","N/A","n/a"
"DataElement.element.short","","","",0,1,"","","Y","string
","Concise definition for space-constrained presentation","A concise description of what this element means (e.g. for use in autogenerated summaries).","May change the term to provide language more appropriate to the context of the profile or to reflect slicing.","","","","","","","","",,,,,"",,,,"ElementDefinition.short",0,1,"","","N/A","N/A"
"DataElement.element.definition","","Description
","",0,1,"Y","","Y","markdown
","Full formal definition as narrative text","Provides a complete explanation of the meaning of the data element for human readability.  For the case of elements derived from existing elements (e.g. constraints), the definition SHALL be consistent with the base definition, but convey the meaning of the element in the particular context of use of the resource.","If the definition is omitted, the meaning of the data element must be explicit in either the name of the data element, the definitional concept referenced by the data element or some set of extensions that formally define the meaning.","To allow a user to state the usage of an element in a particular context.","","","","","","","",,,,,"",,,,"ElementDefinition.definition",0,1,"","","OM1.6, OM1.41","./text","(Designatable_Item).definition.text  acceptability=preferred in default context","TERM DEFINITION/DESCRIPTION(S)"
"DataElement.element.comment","","","",0,1,"Y","","Y","markdown
","Comments about the use of this element","Explanatory notes and implementation guidance about the data element, including notes about how to use the data properly, exceptions to proper use, etc.","If it is possible to capture usage rules using constraints, that mechanism should be used in preference to this element.","","","","","","","","",,,,,"",,,,"ElementDefinition.comment",0,1,"","","NTE, OM1.32, OM1.33, OM1.39","./inboundRelationship[typeCode=SUBJ]/source[classCode=LIST, moodCode=EVN]/code","(Administered_Item).explanatory_comment","COMMENTS"
"DataElement.element.requirements","","","",0,1,"Y","","Y","markdown
","Why this resource has been created","This element is for traceability of why the element was created and why the constraints exist as they do. This may be used to point to source materials or specifications that drove the structure of this element.","This element does not describe the usage of the element (that's done in comments), rather it's for traceability of *why* the element is either needed or why the constraints exist as they do.  This may be used to point to source materials or specifications that drove the structure of this data element.","","","","","","","","",,,,,"",,,,"ElementDefinition.requirements",0,1,"","","./inboundRelationship[typeCode=META]/source[classCode=ACT, moodCode=EVN, isCriterionInd=true]/reasonCode/originalText","(Registered_item).document_reference[document_type=requirements].notation","R/O/C"
"DataElement.element.alias","","synonym
other name","",0,*,"Y","","Y","string
","Other names","Identifies additional names by which this element might also be known.","","Allows for better easier recognition of the element by multiple communities, including international communities.","","","","","","","",,,,,"",,,,"ElementDefinition.alias",0,*,"","","OM1.8, OM1.52","Not currently expressible","(Designatable_Item).designation.sign  acceptability!=preferred or context is other than default","RELATED NAMES (only some of these apply)"
"DataElement.element.min","","","",0,0,"Y","","Y","unsignedInt
","Minimum Cardinality","The minimum number of times this element SHALL appear in the instance.","","","","","","","","","",,,,,"",,,,"ElementDefinition.min",0,1,"eld-2
","","N/A (MIF territory)","Minimum  size of  data element  values?"
"DataElement.element.max","","","",0,0,"Y","","Y","string
","Maximum Cardinality (a number or *)","The maximum number of times this element is permitted to appear in the instance.","","","","","","","","","",,,,,"",,,,"ElementDefinition.max",0,1,"eld-3
eld-2","eld-3:Max SHALL be a number or ""*"" {empty() or ($this = '*') or (toInteger() >= 0)}
","OMC.10","N/A (MIF territory)","Maximum  size of  data element  values?"
"DataElement.element.base","","","",0,0,"","","Y","Element
","Base definition information for tools","Information about the base definition of the element, provided to make it unnecessary for tools to trace the deviation of the element through the derived and related profiles. This information is provided when the element definition is not the original definition of an element - i.g. either in a constraint on another type, or for elements from a super type in a snap shot.","The base information does not carry any information that could not be determined from the path and related profiles, but making this determination requires both that the related profiles are available, and that the algorithm to determine them be available. So they are deformalised into this location for tooling convenience, and to ensure that the base information is available without dependencies.","","","","","","","","",,,,,"",,,,"ElementDefinition.base",0,1,"","ele-1:All FHIR elements must have a @value or children {children().count() > id.count()}
","N/A (MIF territory)","n/a"
"DataElement.element.base.id","","","",0,1,"","","","string
","xml:id (or equivalent in JSON)","unique id for the element within a resource (for internal references). This may be any string value that does not contain spaces.","","","","","","","","","",,,,,"",,,,"Element.id",0,1,"","","n/a"
"DataElement.element.base.extension","","extensions
user content","",0,*,"","","","Extension
","Additional Content defined by implementations","May be used to represent additional information that is not part of the basic definition of the element. In order to make the use of extensions safe and manageable, there is a strict set of governance  applied to the definition and use of extensions. Though any implementer is allowed to define an extension, there is a set of requirements that SHALL be met as part of the definition of the extension.","There can be no stigma associated with the use of extensions by any application, project, or standard - regardless of the institution or jurisdiction that uses or defines the extensions.  The use of extensions is what allows the FHIR specification to retain a core level of simplicity for everyone.","","","","","","","","",,,,,"","value:url}
","Extensions are always sliced by (at least) url",,"open","Element.extension",0,*,"","","n/a"
"DataElement.element.base.path","","","",1,1,"","","Y","string
","Path that identifies the base element","The Path that identifies the base element - this matches the ElementDefinition.path for that element. Across FHIR, there is only one base definition of any element - that is, an element definition on a [StructureDefinition](structuredefinition.html#) without a StructureDefinition.base.","","","","","","","","","",,,,,"",,,,"ElementDefinition.base.path",1,1,"","","N/A (MIF territory)","n/a"
"DataElement.element.base.min","","","",1,1,"","","Y","unsignedInt
","Min cardinality of the base element","Minimum cardinality of the base element identified by the path.","This is provided for consistency with max, and may affect code generation of mandatory elements of the base resource are generated differently (some reference implementations have done this).","","","","","","","","",,,,,"",,,,"ElementDefinition.base.min",1,1,"","","N/A (MIF territory)","n/a"
"DataElement.element.base.max","","","",1,1,"","","Y","string
","Max cardinality of the base element","Maximum cardinality of the base element identified by the path.","This is provided to code generation, since the serialization representation in JSON differs depending on whether the base element has max > 1. Also, some forms of code generation may differ.","","","","","","","","",,,,,"",,,,"ElementDefinition.base.max",1,1,"","","N/A (MIF territory)","n/a"
"DataElement.element.contentReference","","","",0,0,"","","Y","uri
","Reference to definition of content for the element","Identifies the identity of an element defined elsewhere in the profile whose content rules should be applied to the current element.","","","","","","","","","",,,,,"",,,,"ElementDefinition.contentReference",0,1,"eld-5
","","N/A"
"DataElement.element.type","","","",0,1,"Y","","Y","Element
","Data type and Profile for this element","The data type or resource that the value of this element is permitted to be.","The Type of the element can be left blank in a differential constraint, in which case the type is inherited from the resource. Abstract types are not permitted to appear as a type when multiple types are listed.  (I.e. Abstract types cannot be part of a choice).","","","","","","","","",,,,,"",,,,"ElementDefinition.type",0,*,"eld-13
","ele-1:All FHIR elements must have a @value or children {children().count() > id.count()}
eld-4:Aggregation may only be specified if one of the allowed types for the element is a resource {aggregation.empty() or (code = 'Reference')}","valueDomain.dataType","OM1.3, OMC.9","N/A (MIF territory)",".domain.data+Q14type","HL7_V2_DATATYPE (translation required), HL7_V3_DATATYPE (translation required)"
"DataElement.element.type.id","","","",0,1,"","","","string
","xml:id (or equivalent in JSON)","unique id for the element within a resource (for internal references). This may be any string value that does not contain spaces.","","","","","","","","","",,,,,"",,,,"Element.id",0,1,"","","n/a"
"DataElement.element.type.extension","","extensions
user content","",0,*,"","","","Extension
","Additional Content defined by implementations","May be used to represent additional information that is not part of the basic definition of the element. In order to make the use of extensions safe and manageable, there is a strict set of governance  applied to the definition and use of extensions. Though any implementer is allowed to define an extension, there is a set of requirements that SHALL be met as part of the definition of the extension.","There can be no stigma associated with the use of extensions by any application, project, or standard - regardless of the institution or jurisdiction that uses or defines the extensions.  The use of extensions is what allows the FHIR specification to retain a core level of simplicity for everyone.","","","","","","","","",,,,,"","value:url}
","Extensions are always sliced by (at least) url",,"open","Element.extension",0,*,"","","n/a"
"DataElement.element.type.code","","","",1,1,"Y","","Y","uri
","Data type or Resource (reference to definition)","URL of Data type or Resource that is a(or the) type used for this element. References are URLs that are relative to http://hl7.org/fhir/StructureDefinition e.g. ""string"" is a reference to http://hl7.org/fhir/StructureDefinition/string. Absolute URLs are only allowed in logical models.","If the element is a reference to another resource, this element contains ""Reference"", and the targetProfile element defines what resources can be referenced. The targetProfile may be a reference to the general definition of a resource (e.g. http://hl7.org/fhir/StructureDefinition/Patient). There would be one pair of type/code for each allowed target resource type.","","","","","","","","",,,,,"",,,,"ElementDefinition.type.code",1,1,"","","OM1.3","N/A (MIF territory)",".domain.data+Q14type","HL7_V2_DATATYPE (translation required), HL7_V3_DATATYPE (translation required)"
"DataElement.element.type.profile","","","",0,1,"","","Y","uri
","Profile (StructureDefinition) to apply (or IG)","Identifies a profile structure or implementation Guide that SHALL hold for the datatype this element refers to. Can be a local reference - to a contained StructureDefinition, or a reference to another StructureDefinition or Implementation Guide by a canonical URL. When an implementation guide is specified, the resource SHALL conform to at least one profile defined in the implementation guide.","","","","","","","","","",,,,,"",,,,"ElementDefinition.type.profile",0,1,"","","N/A (MIF territory)","n/a"
"DataElement.element.type.targetProfile","","","",0,0,"","","Y","uri
","Profile (StructureDefinition) to apply to reference target (or IG)","Identifies a profile structure or implementation Guide that SHALL hold for the target of the reference this element refers to. Can be a local reference - to a contained StructureDefinition, or a reference to another StructureDefinition or Implementation Guide by a canonical URL. When an implementation guide is specified, the resource SHALL conform to at least one profile defined in the implementation guide.","","","","","","","","","",,,,,"",,,,"ElementDefinition.type.targetProfile",0,1,"","","N/A (MIF territory)","n/a"
"DataElement.element.type.aggregation","","","",0,*,"","","Y","code
","contained | referenced | bundled - how aggregated","If the type is a reference to another resource, how the resource is or can be aggregated - is it a contained resource, or a reference, and if the context is a bundle, is it included in the bundle.","","","","","","","","","",,"required","How resource references can be aggregated.","http://hl7.org/fhir/ValueSet/resource-aggregation-mode","",,,,"ElementDefinition.type.aggregation",0,*,"eld-4
","","N/A (MIF territory)","n/a"
"DataElement.element.type.versioning","","","",0,0,"","","Y","code
","either | independent | specific","Whether this reference needs to be version specific or version independent, or whether either can be used.","The base specification never makes a rule as to which form is allowed, but implementation guides may do this.","","<valueCode xmlns=""http://hl7.org/fhir"" value=""either""/>","","","","","","",,"required","Whether a reference needs to be version specific or version independent, or whether either can be used","http://hl7.org/fhir/ValueSet/reference-version-rules","",,,,"ElementDefinition.type.versioning",0,1,"","","N/A (MIF territory)"
"DataElement.element.defaultValue[x]","","","",0,0,"","","Y","base64Binary
booleancodedatedateTimedecimalidinstantintegermarkdownoidpositiveIntstringtimeunsignedInturiAddressAgeAnnotationAttachmentCodeableConceptCodingContactPointCountDistanceDurationHumanNameIdentifierMoneyPeriodQuantityRangeRatioReferenceSampledDataSignatureTimingMeta","Specified value if missing from instance","The value that should be used if there is no value stated in the instance (e.g. 'if not otherwise specified, the abstract is false').","Default values can only be specified on a resource, data type, or extension definition, and never in a profile that applies to one of these. Specifying a default value means that the property can never been unknown - it must always have a value. Further, the default value can never be changed. For these reasons, default values are (and should be) used extremely sparingly.","","","","","","","","",,,,,"",,,,"ElementDefinition.defaultValue[x]",0,1,"eld-15
","","N/A (MIF territory)"
"DataElement.element.meaningWhenMissing","","","",0,0,"","","Y","markdown
","Implicit meaning when this element is missing","The Implicit meaning that is to be understood when this element is missing (e.g. 'when this element is missing, the period is ongoing'.","Implicit meanings for missing values can only be specified on a resource, data type, or extension definition, and never in a profile that applies to one of these. An implicit meaning for a missing value can never be changed, and specifying one has the consequence that constraining its use in profiles eliminates use cases as possibilities, not merely moving them out of scope.","","","","","","","","",,,,,"",,,,"ElementDefinition.meaningWhenMissing",0,1,"eld-15
","","N/A (MIF territory)"
"DataElement.element.orderMeaning","","","",0,1,"","","Y","string
","What the order of the elements means","If present, indicates that the order of the repeating element has meaning and describes what that meaning is.  If absent, it means that the order of the element has no meaning.","This element can only be asserted on repeating elements and can only be introduced when defining resources or data types.  It can be further refined profiled elements but if absent in the base type, a profile cannot assert meaning.","","","","","","","","",,,,,"",,,,"ElementDefinition.orderMeaning",0,1,"","","N/A (MIF territory)"
"DataElement.element.fixed[x]","","","",0,1,"","","Y","base64Binary
booleancodedatedateTimedecimalidinstantintegermarkdownoidpositiveIntstringtimeunsignedInturiAddressAgeAnnotationAttachmentCodeableConceptCodingContactPointCountDistanceDurationHumanNameIdentifierMoneyPeriodQuantityRangeRatioReferenceSampledDataSignatureTimingMeta","Value must be exactly this","Specifies a value that SHALL be exactly the value  for this element in the instance. For purposes of comparison, non-significant whitespace is ignored, and all values must be an exact match (case and accent sensitive). Missing elements/attributes must also be missing.","This is not recommended for Coding and CodeableConcept since these often have highly contextual properties such as version or display.","","","","","","","","",,,,,"",,,,"ElementDefinition.fixed[x]",0,1,"eld-5
eld-6eld-8","","N/A (MIF territory)","N/A (only relevant when constraining, which 11179 doesn't do)"
"DataElement.element.pattern[x]","","","",0,1,"","","Y","base64Binary
booleancodedatedateTimedecimalidinstantintegermarkdownoidpositiveIntstringtimeunsignedInturiAddressAgeAnnotationAttachmentCodeableConceptCodingContactPointCountDistanceDurationHumanNameIdentifierMoneyPeriodQuantityRangeRatioReferenceSampledDataSignatureTimingMeta","Value must have at least these property values","Specifies a value that the value in the instance SHALL follow - that is, any value in the pattern must be found in the instance. Other additional values may be found too. This is effectively constraint by example.  The values of elements present in the pattern must match exactly (case-sensitive, accent-sensitive, etc.).","Mostly used for fixing values of CodeableConcept. At present, pattern[x] is not recommended as a basis for slicing while issues related to this are investigated during the STU period.","","","","","","","","",,,,,"",,,,"ElementDefinition.pattern[x]",0,1,"eld-5
eld-7eld-8","","N/A (MIF territory)"
"DataElement.element.example","","","",0,*,"Y","","Y","Element
","Example value (as defined for type)","A sample value for this element demonstrating the type of information that would typically be found in the element.","Examples will most commonly be present for data where it's not implicitly obvious from either the data type or value set what the values might be.  (I.e. Example values for dates or quantities would generally be unnecessary.)  If the example value is fully populated, the publication tool can generate an instance automatically.","","","","","","","","",,,,,"",,,,"ElementDefinition.example",0,*,"","ele-1:All FHIR elements must have a @value or children {children().count() > id.count()}
","N/A (MIF territory)"
"DataElement.element.example.id","","","",0,1,"","","","string
","xml:id (or equivalent in JSON)","unique id for the element within a resource (for internal references). This may be any string value that does not contain spaces.","","","","","","","","","",,,,,"",,,,"Element.id",0,1,"","","n/a"
"DataElement.element.example.extension","","extensions
user content","",0,*,"","","","Extension
","Additional Content defined by implementations","May be used to represent additional information that is not part of the basic definition of the element. In order to make the use of extensions safe and manageable, there is a strict set of governance  applied to the definition and use of extensions. Though any implementer is allowed to define an extension, there is a set of requirements that SHALL be met as part of the definition of the extension.","There can be no stigma associated with the use of extensions by any application, project, or standard - regardless of the institution or jurisdiction that uses or defines the extensions.  The use of extensions is what allows the FHIR specification to retain a core level of simplicity for everyone.","","","","","","","","",,,,,"","value:url}
","Extensions are always sliced by (at least) url",,"open","Element.extension",0,*,"","","n/a"
"DataElement.element.example.label","","","",1,1,"Y","","Y","string
","Describes the purpose of this example","Describes the purpose of this example amoung the set of examples.","","","","","","","","","",,,,,"",,,,"ElementDefinition.example.label",1,1,"","","N/A (MIF territory)"
"DataElement.element.example.value[x]","","","",1,1,"Y","","Y","base64Binary
booleancodedatedateTimedecimalidinstantintegermarkdownoidpositiveIntstringtimeunsignedInturiAddressAgeAnnotationAttachmentCodeableConceptCodingContactPointCountDistanceDurationHumanNameIdentifierMoneyPeriodQuantityRangeRatioReferenceSampledDataSignatureTimingMeta","Value of Example (one of allowed types)","The actual value for the element, which must be one of the types allowed for this element.","","","","","","","","","",,,,,"",,,,"ElementDefinition.example.value[x]",1,1,"","","N/A (MIF territory)",".example","EXMPL_ANSWERS"
"DataElement.element.minValue[x]","","","",0,1,"Y","","Y","integer
decimalinstantdatetimedateTimeQuantity","Minimum Allowed Value (for some types)","The minimum allowed value for the element. The value is inclusive. This is allowed for the types date, dateTime, instant, time, decimal, integer, and Quantity.","Except for date/date/instant, the type of the minValue[x] SHALL be the same as the specified type of the element. For the date/dateTime/instant values, the type of minValue[x] SHALL be either the same, or a a [Duration](datatypes.html#duration) which specifies a relative time limit to the current time. The duration value is positive, and is subtracted from the current clock to determine the minimum allowable value.   A minimum value for a Quantity is interpreted as an canonical minimum - e.g. you cannot provide 100mg if the minimum value is 10g.","","","","","","","","",,,,,"",,,,"ElementDefinition.minValue[x]",0,1,"","","N/A (MIF territory)"
"DataElement.element.maxValue[x]","","","",0,1,"Y","","Y","integer
decimalinstantdatetimedateTimeQuantity","Maximum Allowed Value (for some types)","The maximum allowed value for the element. The value is inclusive. This is allowed for the types date, dateTime, instant, time, decimal, integer, and Quantity.","Except for date/date/instant, the type of the maxValue[x] SHALL be the same as the specified type of the element. For the date/dateTime/instant values, the type of maxValue[x] SHALL be either the same, or a a [Duration](datatypes.html#duration) which specifies a relative time limit to the current time. The duration value is positive, and is added to the current clock to determine the maximum allowable value.   A maximum value for a Quantity is interpreted as an canonical maximum - e.g. you cannot provide 10g if the maximum value is 50mg.","","","","","","","","",,,,,"",,,,"ElementDefinition.maxValue[x]",0,1,"","","N/A (MIF territory)"
"DataElement.element.maxLength","","","",0,1,"Y","","Y","integer
","Max length for strings","Indicates the maximum length in characters that is permitted to be present in conformant instances and which is expected to be supported by conformant consumers that support the element.","Receivers are not required to reject instances that exceed the maximum length.  The full length could be stored.  In some cases, data might be truncated, though truncation should be undertaken with care and an understanding of the consequences of doing so. If not specified, there is no conformance expectation for length support.","","","","","","","","",,,,,"",,,,"ElementDefinition.maxLength",0,1,"","","OMC.12","N/A (MIF territory)",".domain.maximum_character_quantity"
"DataElement.element.condition","","","",0,0,"Y","","Y","id
","Reference to invariant about presence","A reference to an invariant that may make additional statements about the cardinality or value in the instance.","","","","","","","","","",,,,,"",,,,"ElementDefinition.condition",0,*,"","","N/A (MIF territory)"
"DataElement.element.constraint","","","",0,0,"Y","","Y","Element
","Condition that must evaluate to true","Formal constraints such as co-occurrence and other constraints that can be computationally evaluated within the context of the instance.","Constraints should be declared on the ""context"" element - the lowest element in the hierarchy that is common to all nodes referenced by the constraint.","","","","","","","","",,,,,"",,,,"ElementDefinition.constraint",0,*,"","ele-1:All FHIR elements must have a @value or children {children().count() > id.count()}
","N/A (MIF territory)","??"
"DataElement.element.constraint.id","","","",0,1,"","","","string
","xml:id (or equivalent in JSON)","unique id for the element within a resource (for internal references). This may be any string value that does not contain spaces.","","","","","","","","","",,,,,"",,,,"Element.id",0,1,"","","n/a"
"DataElement.element.constraint.extension","","extensions
user content","",0,*,"","","","Extension
","Additional Content defined by implementations","May be used to represent additional information that is not part of the basic definition of the element. In order to make the use of extensions safe and manageable, there is a strict set of governance  applied to the definition and use of extensions. Though any implementer is allowed to define an extension, there is a set of requirements that SHALL be met as part of the definition of the extension.","There can be no stigma associated with the use of extensions by any application, project, or standard - regardless of the institution or jurisdiction that uses or defines the extensions.  The use of extensions is what allows the FHIR specification to retain a core level of simplicity for everyone.","","","","","","","","",,,,,"","value:url}
","Extensions are always sliced by (at least) url",,"open","Element.extension",0,*,"","","n/a"
"DataElement.element.constraint.key","","","",1,1,"","","Y","id
","Target of 'condition' reference above","Allows identification of which elements have their cardinalities impacted by the constraint.  Will not be referenced for constraints that do not affect cardinality.","","","","","","","","","",,,,,"",,,,"ElementDefinition.constraint.key",1,1,"eld-14
","","N/A (MIF territory)"
"DataElement.element.constraint.requirements","","","",0,1,"","","Y","string
","Why this constraint is necessary or appropriate","Description of why this constraint is necessary or appropriate.","To be used if the reason for the constraint may not be intuitive to all implementers.","","","","","","","","",,,,,"",,,,"ElementDefinition.constraint.requirements",0,1,"","","N/A (MIF territory)"
"DataElement.element.constraint.severity","","","",1,1,"","","Y","code
","error | warning","Identifies the impact constraint violation has on the conformance of the instance.","This allows constraints to be asserted as ""shall"" (error) and ""should"" (warning).","","","","","","","","",,"required","SHALL applications comply with this constraint?","http://hl7.org/fhir/ValueSet/constraint-severity","",,,,"ElementDefinition.constraint.severity",1,1,"","","N/A (MIF territory)"
"DataElement.element.constraint.human","","","",1,1,"","","Y","string
","Human description of constraint","Text that can be used to describe the constraint in messages identifying that the constraint has been violated.","Should be expressed in business terms as much as possible.","","","","","","","","",,,,,"",,,,"ElementDefinition.constraint.human",1,1,"","","N/A (MIF territory)"
"DataElement.element.constraint.expression","","","",1,1,"","","Y","string
","FHIRPath expression of constraint","A [FHIRPath](http://hl7.org/fluentpath) expression of constraint that can be executed to see if this constraint is met.","","Used by validation tooling tests of the validity of the resource.","","","","","","","",,,,,"",,,,"ElementDefinition.constraint.expression",1,1,"","","N/A (MIF territory)"
"DataElement.element.constraint.xpath","","","",0,1,"","","Y","string
","XPath expression of constraint","An XPath expression of constraint that can be executed to see if this constraint is met.","Elements SHALL use ""f"" as the namespace prefix for the FHIR namespace, and ""x"" for the xhtml namespace, and SHALL NOT use any other prefixes. 

Note: we are considering deprecating the xpath element. Implementer feedback is welcome.","Used in Schematron tests of the validity of the resource.","","","","","","","",,,,,"",,,,"ElementDefinition.constraint.xpath",0,1,"","","N/A (MIF territory)"
"DataElement.element.constraint.source","","","",0,1,"","","Y","uri
","Reference to original source of constraint","A reference to the original source of the constraint, for traceability purposes.","This is used when, e.g. rendering, where it is not useful to present inherited constraints when rendering the snapshot.","","","","","","","","",,,,,"",,,,"ElementDefinition.constraint.source",0,1,"","","N/A (MIF territory)"
"DataElement.element.mustSupport","","","",0,0,"","","Y","boolean
","If the element must supported","If true, implementations that produce or consume resources SHALL provide ""support"" for the element in some meaningful way.  If false, the element may be ignored and not supported.","""Something useful"" is context dependent and impossible to describe in the base FHIR specification. For this reason, tue mustSupport flag is never set to true by the FHIR specification itself - it is only set to true in profiles. 

This is done in [Resource Profiles](profiling.html#mustsupport), where the profile labels an element as mustSupport=true. When a profile does this, it SHALL also make clear exactly what kind of ""support"" is required, as this can mean many things.

Note that an element that has the property IsModifier is not necessarily a ""key"" element (e.g. one of the important elements to make use of the resource), nor is it automatically mustSupport - however both of these things are more likely to be true for IsModifier elements than for other elements.","Allows a profile to set expectations for system capabilities beyond merely respecting cardinality constraints.","<valueBoolean xmlns=""http://hl7.org/fhir"" value=""false""/>","","","","","","",,,,,"",,,,"ElementDefinition.mustSupport",0,1,"","","N/A (MIF territory)","??"
"DataElement.element.isModifier","","","",0,1,"","","Y","boolean
","If this modifies the meaning of other elements","If true, the value of this element affects the interpretation of the element or resource that contains it, and the value of the element cannot be ignored. Typically, this is used for status, negation and qualification codes. The effect of this is that the element cannot be ignored by systems: they SHALL either recognize the element and process it, and/or a pre-determination has been made that it is not relevant to their particular system.","Only the definition of an element can set IsModifier true - either the specification itself or where an extension is originally defined. Once set, it cannot be changed in derived profiles. An element/extension that has isModifier=true SHOULD also have a minimum cardinality of 1, so that there is no lack of clarity about what to do if it is missing. If it can be missing, the definition SHALL make the meaning of a missing element clear.","Allows elements to be introduced into a specification that can't safely be ignored by applications that don't recognize them.","<valueBoolean xmlns=""http://hl7.org/fhir"" value=""false""/>","","","","","","",,,,,"",,,,"ElementDefinition.isModifier",0,1,"","","N/A (MIF territory)","??"
"DataElement.element.isSummary","","","",0,1,"","","Y","boolean
","Include when _summary = true?","Whether the element should be included if a client requests a search with the parameter _summary=true.","Some resources include a set of simple metadata, and some very large data. This element is used to reduce the quantity of data returned in searches. Note that servers may pre-cache summarized resources for optimal performance, so servers may not support per-profile use of the isSummary flag. When a request is made with _summary=true, serailisers only include elements marked as 'isSummary = true'. Other than Attachment.data, all data type properties are included in the summary form. Modifier elements or elements with minimum cardinality = 1 must be marked as summary elements.","Allow clients to search through large resources quickly.","<valueBoolean xmlns=""http://hl7.org/fhir"" value=""false""/>","","","","","","",,,,,"",,,,"ElementDefinition.isSummary",0,1,"","","N/A (MIF territory)","??"
"DataElement.element.binding","","","",0,1,"Y","","Y","Element
","ValueSet details if this is coded","Binds to a value set if this element is coded (code, Coding, CodeableConcept, Quantity), or the data types (string, uri).","For a CodeableConcept, when no codes are allowed - only text, use a binding of strength ""required"" with a description explaining that no coded values are allowed and what sort of information to put in the ""text"" element.","","","","","","","","",,,,,"",,,,"ElementDefinition.binding",0,1,"eld-11
","ele-1:All FHIR elements must have a @value or children {children().count() > id.count()}
eld-10:provide either a reference or a description (or both) {valueSet.exists() or description.exists()}eld-12:ValueSet as a URI SHALL start with http:// or https:// or urn: {valueSet.is(uri).not() or valueSet.as(uri).startsWith('http:') or valueSet.as(uri).startsWith('https') or valueSet.as(uri).startsWith('urn:')}","OM3, OMC.11","N/A (MIF territory)",".domain","ANSWER LIST, NORMATIVE ANSWER LIST"
"DataElement.element.binding.id","","","",0,1,"","","","string
","xml:id (or equivalent in JSON)","unique id for the element within a resource (for internal references). This may be any string value that does not contain spaces.","","","","","","","","","",,,,,"",,,,"Element.id",0,1,"","","n/a"
"DataElement.element.binding.extension","","extensions
user content","",0,*,"","","","Extension
","Additional Content defined by implementations","May be used to represent additional information that is not part of the basic definition of the element. In order to make the use of extensions safe and manageable, there is a strict set of governance  applied to the definition and use of extensions. Though any implementer is allowed to define an extension, there is a set of requirements that SHALL be met as part of the definition of the extension.","There can be no stigma associated with the use of extensions by any application, project, or standard - regardless of the institution or jurisdiction that uses or defines the extensions.  The use of extensions is what allows the FHIR specification to retain a core level of simplicity for everyone.","","","","","","","","",,,,,"","value:url}
","Extensions are always sliced by (at least) url",,"open","Element.extension",0,*,"","","n/a"
"DataElement.element.binding.strength","","conformance
extensibility","",1,1,"Y","","Y","code
","required | extensible | preferred | example","Indicates the degree of conformance expectations associated with this binding - that is, the degree to which the provided value set must be adhered to in the instances.","For further discussion, see [Using Terminologies](terminologies.html).","","","","","","","","",,"required","Indication of the degree of conformance expectations associated with a binding.","http://hl7.org/fhir/ValueSet/binding-strength","",,,,"ElementDefinition.binding.strength",1,1,"","","N/A","N/A (MIF territory)","N/A"
"DataElement.element.binding.description","","","",0,1,"Y","","Y","string
","Human explanation of the value set","Describes the intended use of this particular set of codes.","","","","","","","","","",,,,,"",,,,"ElementDefinition.binding.description",0,1,"eld-10
","","N/A (MIF territory)",".domain.description"
"DataElement.element.binding.valueSetReference","","","",1,1,"Y","","Y","Reference {http://hl7.org/fhir/us/sdc/StructureDefinition/sdc-valueset}
","Source of value set","Points to the value set or external definition (e.g. implicit value set) that identifies the set of codes to be used. If the binding refers to an explicit value set - the normal case - then use a Reference(ValueSet) preferably containing the canonical URL for the value set. If the reference is to an implicit value set - usually, an IETF RFC that defines a grammar, such as mime types - then use a uri.","For value sets with a referenceResource, the display can contain the value set description.  The reference may be version-specific or not.","","","","","","","","",,,,,"",,,,"ElementDefinition.binding.valueSet[x]",0,1,"eld-10
eld-12","","valueDomain.valueSet","N/A (MIF territory)","points to explicit list or expression that evaluates to list of (Enumerated_Value_Domain).member","CODE_TABLE"
"DataElement.element.mapping","","","",0,*,"Y","","Y","Element
","Map element to another set of definitions","Identifies a concept from an external specification that roughly corresponds to this element.","Mappings are not necessarily specific enough for safe translation.","Provides guidance to implementers familiar with or converting content from other specifications.","","","","","","","",,,,,"",,,,"ElementDefinition.mapping",0,*,"","ele-1:All FHIR elements must have a @value or children {children().count() > id.count()}
","mappingSpecification","N/A (MIF territory)","Registered_item).document_reference[document_type=mapping]  Also, .meaning linkage to Data_Element_Concept is done as a mapping to a reference model.  (Data_Element_Concepts are all defined in some sort of reference model, be that Object_Class and Property or some other mechanism)"
"DataElement.element.mapping.id","","","",0,1,"","","","string
","xml:id (or equivalent in JSON)","unique id for the element within a resource (for internal references). This may be any string value that does not contain spaces.","","","","","","","","","",,,,,"",,,,"Element.id",0,1,"","","n/a"
"DataElement.element.mapping.extension","","extensions
user content","",0,*,"","","","Extension
","Additional Content defined by implementations","May be used to represent additional information that is not part of the basic definition of the element. In order to make the use of extensions safe and manageable, there is a strict set of governance  applied to the definition and use of extensions. Though any implementer is allowed to define an extension, there is a set of requirements that SHALL be met as part of the definition of the extension.","There can be no stigma associated with the use of extensions by any application, project, or standard - regardless of the institution or jurisdiction that uses or defines the extensions.  The use of extensions is what allows the FHIR specification to retain a core level of simplicity for everyone.","","","","","","","","",,,,,"","value:url}
","Extensions are always sliced by (at least) url",,"open","Element.extension",0,*,"","","n/a"
"DataElement.element.mapping.extension","mappingEquivalence","","",1,1,"Y","","","Extension {http://hl7.org/fhir/StructureDefinition/elementdefinition-equivalence}
","Extension","An Extension","null
We only care about mappings that are equivalent - as only these are safe for mapping purposes.","","","","","","","","",,,,,"",,,,"Element.extension",0,*,"",""
"DataElement.element.mapping.extension.id","","","",0,1,"","","","string
","xml:id (or equivalent in JSON)","unique id for the element within a resource (for internal references). This may be any string value that does not contain spaces.","","","","","","","","","",,,,,"",,,,"Element.id",0,1,"","","n/a"
"DataElement.element.mapping.extension.extension","","extensions
user content","",0,*,"","","","Extension
","Additional Content defined by implementations","May be used to represent additional information that is not part of the basic definition of the element. In order to make the use of extensions safe and manageable, there is a strict set of governance  applied to the definition and use of extensions. Though any implementer is allowed to define an extension, there is a set of requirements that SHALL be met as part of the definition of the extension.","There can be no stigma associated with the use of extensions by any application, project, or standard - regardless of the institution or jurisdiction that uses or defines the extensions.  The use of extensions is what allows the FHIR specification to retain a core level of simplicity for everyone.","","","","","","","","",,,,,"","value:url}
","Extensions are always sliced by (at least) url",,"open","Element.extension",0,*,"","","n/a"
"DataElement.element.mapping.extension.url","","","",1,1,"","","","uri
","identifies the meaning of the extension","Source of the definition for the extension code - a logical name or a URL.","The definition may point directly to a computable or human-readable definition of the extensibility codes, or it may be a logical URI as declared in some other specification. The definition SHALL be a URI for the Structure Definition defining the extension.","","","","<valueUri xmlns=""http://hl7.org/fhir"" value=""http://hl7.org/fhir/StructureDefinition/elementdefinition-equivalence""/>","","","","",,,,,"",,,,"Extension.url",1,1,"","","N/A"
"DataElement.element.mapping.extension.valueCode","","","",1,1,"Y","","","code
","Value of extension","Value of extension - may be a resource or one of a constrained set of the data types (see Extensibility in the spec for list).","","","","","<valueCode xmlns=""http://hl7.org/fhir"" value=""equivalent""/>","","","","",,"required","The degree of equivalence between concepts.","http://hl7.org/fhir/ValueSet/concept-map-equivalence","",,,,"Extension.value[x]",0,1,"","","N/A"
"DataElement.element.mapping.identity","","","",1,1,"Y","","Y","id
","Reference to mapping declaration","An internal reference to the definition of a mapping.","","","","","","","","","",,,,,"",,,,"ElementDefinition.mapping.identity",1,1,"","","N/A (MIF territory)"
"DataElement.element.mapping.language","","","",0,1,"Y","","Y","code
","Computable language of mapping","Identifies the computable language in which mapping.map is expressed.","The most common languages will be application/sparql-results+xml, application/sql and application/xquery.","","","","","","","","",,"required","Mime Types that correspond to the mapping languages supported by DEX","http://hl7.org/fhir/us/sdc/ValueSet/dex-mimetype","",,,,"ElementDefinition.mapping.language",0,1,"","","N/A (MIF territory)"
"DataElement.element.mapping.map","","","",1,1,"Y","","Y","string
","Details of the mapping","This should be expressed as ""[uri for object class code system]#[code for object class code system] | [uri for property code system]#[code for property code system]"".","We express the mapping even though the class and property extensions already convey the data to ensure that systems that don't recognize the extensions still understand the mappings.","","","","","","","","",,,,,"",,,,"ElementDefinition.mapping.map",1,1,"","","N/A (MIF territory)","ObjectClass, Property (this is one possible data model that can be mapped to - the uri would identify the data model  mappingSpecification.mappingScript"
"DataElement.element.mapping.comment","","","",0,1,"","","Y","string
","Comments about the mapping or its use","Comments that provide information about the mapping or its use.","","","","","","","","","",,,,,"",,,,"ElementDefinition.mapping.comment",0,1,"","","N/A (MIF territory)"
